{"cameraMode":{"drawMode":0,"name":"Shaded","section":"Shading Mode"},"sceneLighting":false,"audioPlay":false,"sceneViewState":{"m_AlwaysRefresh":false,"showFog":false,"showSkybox":false,"showFlares":false,"showImageEffects":false,"showParticleSystems":false,"showVisualEffectGraphs":true,"m_FxEnabled":true},"in2DMode":false,"pivot":{"x":0.6265195608139038,"y":1.1420695781707764,"z":0.1549384593963623},"rotation":{"x":0.0031673756893724205,"y":0.9874389171600342,"z":-0.15628114342689515,"w":0.031693629920482638},"size":1.0382542610168458,"orthographic":false}