{"cameraMode":{"drawMode":0,"name":"Shaded","section":"Shading Mode"},"sceneLighting":false,"audioPlay":false,"sceneViewState":{"m_AlwaysRefresh":false,"showFog":true,"showSkybox":false,"showFlares":true,"showImageEffects":true,"showParticleSystems":true,"showVisualEffectGraphs":true,"m_FxEnabled":true},"in2DMode":false,"pivot":{"x":1.5002562999725342,"y":0.7223469018936157,"z":-29.711597442626954},"rotation":{"x":-0.28344985842704775,"y":0.062331512570381168,"z":-0.018454184755682946,"w":-0.9567995071411133},"size":1.3706248998641968,"orthographic":false}